--
-- File generated with SQLiteStudio v3.3.3 on Tue Oct 26 21:54:12 2021
--
-- Text encoding used: System
--
PRAGMA foreign_keys = off;
BEGIN TRANSACTION;

-- Table: Actor
CREATE TABLE Actor (Name VARCHAR(50) NOT NULL, Sex CHAR(1), Age INT, PRIMARY KEY (Name));
INSERT INTO Actor (Name, Sex, Age) VALUES ('Mark Hamill', 'M', 70);
INSERT INTO Actor (Name, Sex, Age) VALUES ('Carrie Fisher', 'F', 60);
INSERT INTO Actor (Name, Sex, Age) VALUES ('Harrison Ford', 'M', 79);
INSERT INTO Actor (Name, Sex, Age) VALUES ('Peter Mayhew', 'M', 75);
INSERT INTO Actor (Name, Sex, Age) VALUES ('Anthony Daniels', 'M', 75);
INSERT INTO Actor (Name, Sex, Age) VALUES ('Kenny Baker', 'M', 82);
INSERT INTO Actor (Name, Sex, Age) VALUES ('Alec Guinness', 'M', 86);
INSERT INTO Actor (Name, Sex, Age) VALUES ('Frank Oz', 'M', 77);
INSERT INTO Actor (Name, Sex, Age) VALUES ('Billy Dee Williams', 'M', 84);
INSERT INTO Actor (Name, Sex, Age) VALUES ('David Prowse', 'M', 85);
INSERT INTO Actor (Name, Sex, Age) VALUES ('Peter Cushing', 'M', 81);
INSERT INTO Actor (Name, Sex, Age) VALUES ('Larry Ward', 'M', 60);
INSERT INTO Actor (Name, Sex, Age) VALUES ('Jeremy Bulloch', 'M', 75);
INSERT INTO Actor (Name, Sex, Age) VALUES ('Hayden Christensen', 'M', 40);
INSERT INTO Actor (Name, Sex, Age) VALUES ('Ewan McGregor', 'M', 50);
INSERT INTO Actor (Name, Sex, Age) VALUES ('Christopher Lee', 'M', 93);
INSERT INTO Actor (Name, Sex, Age) VALUES ('Samuel L. Jackson', 'M', 72);
INSERT INTO Actor (Name, Sex, Age) VALUES ('Ahmed Best', 'M', 48);
INSERT INTO Actor (Name, Sex, Age) VALUES ('Natalie Portman', 'F', 40);
INSERT INTO Actor (Name, Sex, Age) VALUES ('Ian McDiarmid', 'M', 77);

-- Table: Actor_Stars
CREATE TABLE Actor_Stars (Name VARCHAR(50) NOT NULL, ID CHAR(10) NOT NULL, Copy_Number INT NOT NULL, PRIMARY KEY (Name, ID, Copy_Number), FOREIGN KEY (Name) REFERENCES Actor(Name), FOREIGN KEY (ID, Copy_Number) REFERENCES Media_Item(ID, Copy_Number));
INSERT INTO Actor_Stars (Name, ID, Copy_Number) VALUES ('Jeremy Bulloch', '7678906543', 2);
INSERT INTO Actor_Stars (Name, ID, Copy_Number) VALUES ('Mark Hamill', '7678906543', 1);
INSERT INTO Actor_Stars (Name, ID, Copy_Number) VALUES ('Carrie Fisher', '7678906543', 1);
INSERT INTO Actor_Stars (Name, ID, Copy_Number) VALUES ('Harrison Ford', '7678906543', 1);
INSERT INTO Actor_Stars (Name, ID, Copy_Number) VALUES ('Peter Mayhew', '7678906543', 1);
INSERT INTO Actor_Stars (Name, ID, Copy_Number) VALUES ('Anthony Daniels', '7678906543', 1);
INSERT INTO Actor_Stars (Name, ID, Copy_Number) VALUES ('Kenny Baker', '7678906543', 1);
INSERT INTO Actor_Stars (Name, ID, Copy_Number) VALUES ('Alec Guinness', '7678906543', 1);
INSERT INTO Actor_Stars (Name, ID, Copy_Number) VALUES ('Frank Oz', '7678906543', 1);
INSERT INTO Actor_Stars (Name, ID, Copy_Number) VALUES ('David Prowse', '7678906543', 1);
INSERT INTO Actor_Stars (Name, ID, Copy_Number) VALUES ('Peter Cushing', '7678906543', 1);
INSERT INTO Actor_Stars (Name, ID, Copy_Number) VALUES ('Larry Ward', '7678906543', 1);
INSERT INTO Actor_Stars (Name, ID, Copy_Number) VALUES ('Jeremy Bulloch', '7678906543', 1);
INSERT INTO Actor_Stars (Name, ID, Copy_Number) VALUES ('Mark Hamill', '7678906543', 2);
INSERT INTO Actor_Stars (Name, ID, Copy_Number) VALUES ('Carrie Fisher', '7678906543', 2);
INSERT INTO Actor_Stars (Name, ID, Copy_Number) VALUES ('Harrison Ford', '7678906543', 2);
INSERT INTO Actor_Stars (Name, ID, Copy_Number) VALUES ('Peter Mayhew', '7678906543', 2);
INSERT INTO Actor_Stars (Name, ID, Copy_Number) VALUES ('Anthony Daniels', '7678906543', 2);
INSERT INTO Actor_Stars (Name, ID, Copy_Number) VALUES ('Kenny Baker', '7678906543', 2);
INSERT INTO Actor_Stars (Name, ID, Copy_Number) VALUES ('Alec Guinness', '7678906543', 2);
INSERT INTO Actor_Stars (Name, ID, Copy_Number) VALUES ('Frank Oz', '7678906543', 2);
INSERT INTO Actor_Stars (Name, ID, Copy_Number) VALUES ('David Prowse', '7678906543', 2);
INSERT INTO Actor_Stars (Name, ID, Copy_Number) VALUES ('Peter Cushing', '7678906543', 2);
INSERT INTO Actor_Stars (Name, ID, Copy_Number) VALUES ('Larry Ward', '7678906543', 2);
INSERT INTO Actor_Stars (Name, ID, Copy_Number) VALUES ('Billy Dee Williams', '1358594289', 1);
INSERT INTO Actor_Stars (Name, ID, Copy_Number) VALUES ('Billy Dee Williams', '1358594289', 2);
INSERT INTO Actor_Stars (Name, ID, Copy_Number) VALUES ('Hayden Christensen', '1358594284', 3);
INSERT INTO Actor_Stars (Name, ID, Copy_Number) VALUES ('Ewan McGregor', '1358594284', 3);
INSERT INTO Actor_Stars (Name, ID, Copy_Number) VALUES ('Christopher Lee', '1358594284', 3);
INSERT INTO Actor_Stars (Name, ID, Copy_Number) VALUES ('Samuel L. Jackson', '1358594284', 3);
INSERT INTO Actor_Stars (Name, ID, Copy_Number) VALUES ('Ahmed Best', '1358594284', 3);
INSERT INTO Actor_Stars (Name, ID, Copy_Number) VALUES ('Natalie Portman', '1358594284', 3);
INSERT INTO Actor_Stars (Name, ID, Copy_Number) VALUES ('Ian McDiarmid', '1358594284', 3);

-- Table: Album_Contains
CREATE TABLE Album_Contains (Name VARCHAR(50) NOT NULL, ID CHAR(10) NOT NULL, Copy_Number INT NOT NULL, ArtistName VARCHAR(50) NOT NULL, PRIMARY KEY (Name, ID, Copy_Number, ArtistName), FOREIGN KEY (ID, Copy_Number) REFERENCES Media_Item(ID, Copy_Number), FOREIGN KEY (ArtistName,Name) REFERENCES Track(ArtistName,Name));
INSERT INTO Album_Contains (Name, ID, Copy_Number, ArtistName) VALUES ('Politik', '2469762156', 1, 'Coldplay');
INSERT INTO Album_Contains (Name, ID, Copy_Number, ArtistName) VALUES ('In My Place', '2469762156', 1, 'Coldplay');
INSERT INTO Album_Contains (Name, ID, Copy_Number, ArtistName) VALUES ('God Put a Smile upon your Face', '2469762156', 1, 'Coldplay');
INSERT INTO Album_Contains (Name, ID, Copy_Number, ArtistName) VALUES ('The Scientist', '2469762156', 1, 'Coldplay');
INSERT INTO Album_Contains (Name, ID, Copy_Number, ArtistName) VALUES ('Clocks', '2469762156', 1, 'Coldplay');
INSERT INTO Album_Contains (Name, ID, Copy_Number, ArtistName) VALUES ('Daylight', '2469762156', 1, 'Coldplay');
INSERT INTO Album_Contains (Name, ID, Copy_Number, ArtistName) VALUES ('Green Eyes', '2469762156', 1, 'Coldplay');
INSERT INTO Album_Contains (Name, ID, Copy_Number, ArtistName) VALUES ('Warning Sign', '2469762156', 1, 'Coldplay');
INSERT INTO Album_Contains (Name, ID, Copy_Number, ArtistName) VALUES ('A Whisper', '2469762156', 1, 'Coldplay');
INSERT INTO Album_Contains (Name, ID, Copy_Number, ArtistName) VALUES ('A Rush of Blood to the Head', '2469762156', 1, 'Coldplay');
INSERT INTO Album_Contains (Name, ID, Copy_Number, ArtistName) VALUES ('Politik', '2469762156', 2, 'Coldplay');
INSERT INTO Album_Contains (Name, ID, Copy_Number, ArtistName) VALUES ('In My Place', '2469762156', 2, 'Coldplay');
INSERT INTO Album_Contains (Name, ID, Copy_Number, ArtistName) VALUES ('God Put a Smile upon your Face', '2469762156', 2, 'Coldplay');
INSERT INTO Album_Contains (Name, ID, Copy_Number, ArtistName) VALUES ('The Scientist', '2469762156', 2, 'Coldplay');
INSERT INTO Album_Contains (Name, ID, Copy_Number, ArtistName) VALUES ('Clocks', '2469762156', 2, 'Coldplay');
INSERT INTO Album_Contains (Name, ID, Copy_Number, ArtistName) VALUES ('Daylight', '2469762156', 2, 'Coldplay');
INSERT INTO Album_Contains (Name, ID, Copy_Number, ArtistName) VALUES ('Green Eyes', '2469762156', 2, 'Coldplay');
INSERT INTO Album_Contains (Name, ID, Copy_Number, ArtistName) VALUES ('Warning Sign', '2469762156', 2, 'Coldplay');
INSERT INTO Album_Contains (Name, ID, Copy_Number, ArtistName) VALUES ('A Whisper', '2469762156', 2, 'Coldplay');
INSERT INTO Album_Contains (Name, ID, Copy_Number, ArtistName) VALUES ('A Rush of Blood to the Head', '2469762156', 2, 'Coldplay');
INSERT INTO Album_Contains (Name, ID, Copy_Number, ArtistName) VALUES ('Piano Man', '1265472654', 1, 'Billy Joel');
INSERT INTO Album_Contains (Name, ID, Copy_Number, ArtistName) VALUES ('Captain Jack', '1265472654', 1, 'Billy Joel');
INSERT INTO Album_Contains (Name, ID, Copy_Number, ArtistName) VALUES ('The Entertainer', '1265472654', 1, 'Billy Joel');
INSERT INTO Album_Contains (Name, ID, Copy_Number, ArtistName) VALUES ('Say Goodbye to Hollywood', '1265472654', 1, 'Billy Joel');
INSERT INTO Album_Contains (Name, ID, Copy_Number, ArtistName) VALUES ('New York State of Mind', '1265472654', 1, 'Billy Joel');
INSERT INTO Album_Contains (Name, ID, Copy_Number, ArtistName) VALUES ('The Stranger', '1265472654', 1, 'Billy Joel');
INSERT INTO Album_Contains (Name, ID, Copy_Number, ArtistName) VALUES ('Scenes from an Italian Restaurant', '1265472654', 1, 'Billy Joel');
INSERT INTO Album_Contains (Name, ID, Copy_Number, ArtistName) VALUES ('Just the Way You Are', '1265472654', 1, 'Billy Joel');
INSERT INTO Album_Contains (Name, ID, Copy_Number, ArtistName) VALUES ('Movin'' Out (Anthony''s Song)', '1265472654', 1, 'Billy Joel');
INSERT INTO Album_Contains (Name, ID, Copy_Number, ArtistName) VALUES ('Only the Good Die Young', '1265472654', 1, 'Billy Joel');

-- Table: Artist
CREATE TABLE Artist (Name VARCHAR(50) NOT NULL, PRIMARY KEY (Name));
INSERT INTO Artist (Name) VALUES ('Coldplay');
INSERT INTO Artist (Name) VALUES ('Billy Joel');
INSERT INTO Artist (Name) VALUES ('Post Malone');
INSERT INTO Artist (Name) VALUES ('Taylor Swift');
INSERT INTO Artist (Name) VALUES ('Journey');
INSERT INTO Artist (Name) VALUES ('AC/DC');
INSERT INTO Artist (Name) VALUES ('Billie Eilish');
INSERT INTO Artist (Name) VALUES ('Bee Gees');
INSERT INTO Artist (Name) VALUES ('Bon Jovi');
INSERT INTO Artist (Name) VALUES ('Queen');
INSERT INTO Artist (Name) VALUES ('Bruno Mars');
INSERT INTO Artist (Name) VALUES ('Smash Mouth');
INSERT INTO Artist (Name) VALUES ('Elton John');
INSERT INTO Artist (Name) VALUES ('Fun');
INSERT INTO Artist (Name) VALUES ('Gotye');
INSERT INTO Artist (Name) VALUES ('Green Day');
INSERT INTO Artist (Name) VALUES ('Ed Sheeran');
INSERT INTO Artist (Name) VALUES ('John Legend');
INSERT INTO Artist (Name) VALUES ('Maroon 5');
INSERT INTO Artist (Name) VALUES ('Plain White T''s');

-- Table: Artist_Authors
CREATE TABLE Artist_Authors (Name VARCHAR(50) NOT NULL, ID CHAR(10) NOT NULL, Copy_Number INT NOT NULL, PRIMARY KEY (Name, ID, Copy_Number), FOREIGN KEY (Name) REFERENCES Artist(Name), FOREIGN KEY (ID, Copy_Number) REFERENCES Media_Item(ID, Copy_Number));
INSERT INTO Artist_Authors (Name, ID, Copy_Number) VALUES ('Coldplay', '2469762156', 1);
INSERT INTO Artist_Authors (Name, ID, Copy_Number) VALUES ('Coldplay', '2469762156', 2);
INSERT INTO Artist_Authors (Name, ID, Copy_Number) VALUES ('Billy Joel', '1265472654', 1);

-- Table: Artist_Genres
CREATE TABLE Artist_Genres (Name VARCHAR(50) NOT NULL, Genres VARCHAR(20) NOT NULL, PRIMARY KEY (Name, Genres), FOREIGN KEY (Name) REFERENCES Artist(Name));
INSERT INTO Artist_Genres (Name, Genres) VALUES ('Coldplay', 'Rock');
INSERT INTO Artist_Genres (Name, Genres) VALUES ('Billy Joel', 'Rock');
INSERT INTO Artist_Genres (Name, Genres) VALUES ('Taylor Swift', 'Country');
INSERT INTO Artist_Genres (Name, Genres) VALUES ('Taylor Swift', 'Pop');
INSERT INTO Artist_Genres (Name, Genres) VALUES ('Journey', 'Rock');
INSERT INTO Artist_Genres (Name, Genres) VALUES ('AC/DC', 'Rock');
INSERT INTO Artist_Genres (Name, Genres) VALUES ('Bee Gees', 'Disco');
INSERT INTO Artist_Genres (Name, Genres) VALUES ('Bee Gees', 'Soul');
INSERT INTO Artist_Genres (Name, Genres) VALUES ('Bon Jovi', 'Rock');
INSERT INTO Artist_Genres (Name, Genres) VALUES ('Bruno Mars', 'Pop');
INSERT INTO Artist_Genres (Name, Genres) VALUES ('Bruno Mars', 'Reggae');
INSERT INTO Artist_Genres (Name, Genres) VALUES ('Elton John', 'Rock');
INSERT INTO Artist_Genres (Name, Genres) VALUES ('Elton John', 'Pop');
INSERT INTO Artist_Genres (Name, Genres) VALUES ('Fun', 'Alternative');
INSERT INTO Artist_Genres (Name, Genres) VALUES ('Gotye', 'Alternative');
INSERT INTO Artist_Genres (Name, Genres) VALUES ('Green Day', 'Rock');
INSERT INTO Artist_Genres (Name, Genres) VALUES ('John Legend', 'R&B');
INSERT INTO Artist_Genres (Name, Genres) VALUES ('John Legend', 'Soul');
INSERT INTO Artist_Genres (Name, Genres) VALUES ('Maroon 5', 'Rock');
INSERT INTO Artist_Genres (Name, Genres) VALUES ('Plain White T''s', 'Rock');

-- Table: Author
CREATE TABLE Author (Name VARCHAR(50) NOT NULL, Age INT, PRIMARY KEY (Name));
INSERT INTO Author (Name, Age) VALUES ('Joanne K. Rowling', 56);
INSERT INTO Author (Name, Age) VALUES ('Patrick James Rothfuss', 48);
INSERT INTO Author (Name, Age) VALUES ('John Ronald Reuel Tolkien', 81);
INSERT INTO Author (Name, Age) VALUES ('James Patterson', 74);
INSERT INTO Author (Name, Age) VALUES ('Rick Rioridan', 57);
INSERT INTO Author (Name, Age) VALUES ('Steven Callahan', 69);
INSERT INTO Author (Name, Age) VALUES ('Suzanne Collins', 59);
INSERT INTO Author (Name, Age) VALUES ('Agatha Christie', 85);
INSERT INTO Author (Name, Age) VALUES ('Danielle Steel', 74);
INSERT INTO Author (Name, Age) VALUES ('Ernest Hemingway', 61);
INSERT INTO Author (Name, Age) VALUES ('John Grisham', 66);
INSERT INTO Author (Name, Age) VALUES ('Nora Roberts', 71);
INSERT INTO Author (Name, Age) VALUES ('Dan Brown', 57);
INSERT INTO Author (Name, Age) VALUES ('Jane Austen', 41);
INSERT INTO Author (Name, Age) VALUES ('Leo Tolstoy', 82);
INSERT INTO Author (Name, Age) VALUES ('Theodor Seuss Geisel', 87);
INSERT INTO Author (Name, Age) VALUES ('Mark Twain', 75);
INSERT INTO Author (Name, Age) VALUES ('George R. R. Martin', 73);
INSERT INTO Author (Name, Age) VALUES ('F. Scott Fitzgerald', 44);
INSERT INTO Author (Name, Age) VALUES ('George Orwell', 47);

-- Table: Author_Writes
CREATE TABLE Author_Writes (Name VARCHAR(50) NOT NULL, ID CHAR(10) NOT NULL, Copy_Number INT NOT NULL, PRIMARY KEY (Name, ID, Copy_Number), FOREIGN KEY (Name) REFERENCES Author(Name), FOREIGN KEY (ID, Copy_Number) REFERENCES Media_Item(ID, Copy_Number));
INSERT INTO Author_Writes (Name, ID, Copy_Number) VALUES ('Patrick James Rothfuss', '4563153215', 1);
INSERT INTO Author_Writes (Name, ID, Copy_Number) VALUES ('Joanne K. Rowling', '1234567890', 1);
INSERT INTO Author_Writes (Name, ID, Copy_Number) VALUES ('Joanne K. Rowling', '5555555555', 1);
INSERT INTO Author_Writes (Name, ID, Copy_Number) VALUES ('Patrick James Rothfuss', '4563153215', 2);
INSERT INTO Author_Writes (Name, ID, Copy_Number) VALUES ('Joanne K. Rowling', '1234567890', 2);
INSERT INTO Author_Writes (Name, ID, Copy_Number) VALUES ('Joanne K. Rowling', '1234567890', 3);

-- Table: Branch
CREATE TABLE Branch (City VARCHAR(20) NOT NULL, State VARCHAR(20) NOT NULL, PRIMARY KEY (City, State));
INSERT INTO Branch (City, State) VALUES ('Cleveland', 'Ohio');
INSERT INTO Branch (City, State) VALUES ('Columbus', 'Ohio');
INSERT INTO Branch (City, State) VALUES ('Cincinnati', 'Ohio');
INSERT INTO Branch (City, State) VALUES ('Toledo', 'Ohio');
INSERT INTO Branch (City, State) VALUES ('New York', 'New York');
INSERT INTO Branch (City, State) VALUES ('Buffalo', 'New York');
INSERT INTO Branch (City, State) VALUES ('Los Angeles', 'California');
INSERT INTO Branch (City, State) VALUES ('Iowa City', 'Iowa');
INSERT INTO Branch (City, State) VALUES ('Nashville', 'Tennessee');
INSERT INTO Branch (City, State) VALUES ('Memphis', 'Tennessee');
INSERT INTO Branch (City, State) VALUES ('Boston', 'Massachusetts');
INSERT INTO Branch (City, State) VALUES ('San Francisco', 'California');
INSERT INTO Branch (City, State) VALUES ('Lexington', 'Kentucky');
INSERT INTO Branch (City, State) VALUES ('Chicago', 'Illinois');
INSERT INTO Branch (City, State) VALUES ('Madison', 'Wisconsin');
INSERT INTO Branch (City, State) VALUES ('Las Vegas', 'Nevada');
INSERT INTO Branch (City, State) VALUES ('Phoenix', 'Arizona');
INSERT INTO Branch (City, State) VALUES ('Tuscon', 'Arizona');
INSERT INTO Branch (City, State) VALUES ('Dublin', 'Ohio');
INSERT INTO Branch (City, State) VALUES ('Montgomery', 'Alabama');

-- Table: Chapter
CREATE TABLE Chapter (Name VARCHAR(50) NOT NULL, Number INT NOT NULL, ID CHAR(10) NOT NULL, Copy_Number INT NOT NULL, PRIMARY KEY (Name, Number, Copy_Number), FOREIGN KEY (ID, Copy_Number) REFERENCES Media_Item(ID,Copy_Number));
INSERT INTO Chapter (Name, Number, ID, Copy_Number) VALUES ('The Boy Who Lived', 1, '1234567890', 1);
INSERT INTO Chapter (Name, Number, ID, Copy_Number) VALUES ('The Vanishing Glass', 2, '1234567890', 1);
INSERT INTO Chapter (Name, Number, ID, Copy_Number) VALUES ('The Letters From No One', 3, '1234567890', 1);
INSERT INTO Chapter (Name, Number, ID, Copy_Number) VALUES ('The Keeper of Keys', 4, '1234567890', 1);
INSERT INTO Chapter (Name, Number, ID, Copy_Number) VALUES ('Diagon Alley', 5, '1234567890', 1);
INSERT INTO Chapter (Name, Number, ID, Copy_Number) VALUES ('The Journey from Platform Nine and Three-Quarters', 6, '1234567890', 1);
INSERT INTO Chapter (Name, Number, ID, Copy_Number) VALUES ('The Sorting Hat', 7, '1234567890', 1);
INSERT INTO Chapter (Name, Number, ID, Copy_Number) VALUES ('The Potions Master', 8, '1234567890', 1);
INSERT INTO Chapter (Name, Number, ID, Copy_Number) VALUES ('The Midnight Duel', 9, '1234567890', 1);
INSERT INTO Chapter (Name, Number, ID, Copy_Number) VALUES ('Hallowe''en', 10, '1234567890', 1);
INSERT INTO Chapter (Name, Number, ID, Copy_Number) VALUES ('A Place for Demons', 1, '4563153215', 1);
INSERT INTO Chapter (Name, Number, ID, Copy_Number) VALUES ('A Beautiful Day', 2, '4563153215', 1);
INSERT INTO Chapter (Name, Number, ID, Copy_Number) VALUES ('Wood and Word', 3, '4563153215', 1);
INSERT INTO Chapter (Name, Number, ID, Copy_Number) VALUES ('Halfway to Newarre', 4, '4563153215', 1);
INSERT INTO Chapter (Name, Number, ID, Copy_Number) VALUES ('Notes', 5, '4563153215', 1);
INSERT INTO Chapter (Name, Number, ID, Copy_Number) VALUES ('The Price of Remembering', 6, '4563153215', 1);
INSERT INTO Chapter (Name, Number, ID, Copy_Number) VALUES ('Of Beginnings and the Names of Things', 7, '4563153215', 1);
INSERT INTO Chapter (Name, Number, ID, Copy_Number) VALUES ('Thieves, Heretics, and Whores', 8, '4563153215', 1);
INSERT INTO Chapter (Name, Number, ID, Copy_Number) VALUES ('Riding in the Wagon with Ben', 9, '4563153215', 1);
INSERT INTO Chapter (Name, Number, ID, Copy_Number) VALUES ('Alar and Several Stones', 10, '4563153215', 1);
INSERT INTO Chapter (Name, Number, ID, Copy_Number) VALUES ('The Boy Who Lived', 1, '1234567890', 2);
INSERT INTO Chapter (Name, Number, ID, Copy_Number) VALUES ('The Vanishing Glass', 2, '1234567890', 2);
INSERT INTO Chapter (Name, Number, ID, Copy_Number) VALUES ('The Letters From No One', 3, '1234567890', 2);
INSERT INTO Chapter (Name, Number, ID, Copy_Number) VALUES ('The Keeper of Keys', 4, '1234567890', 2);
INSERT INTO Chapter (Name, Number, ID, Copy_Number) VALUES ('Diagon Alley', 5, '1234567890', 2);
INSERT INTO Chapter (Name, Number, ID, Copy_Number) VALUES ('The Journey from Platform Nine and Three-Quarters', 6, '1234567890', 2);
INSERT INTO Chapter (Name, Number, ID, Copy_Number) VALUES ('The Sorting Hat', 7, '1234567890', 2);
INSERT INTO Chapter (Name, Number, ID, Copy_Number) VALUES ('The Potions Master', 8, '1234567890', 2);
INSERT INTO Chapter (Name, Number, ID, Copy_Number) VALUES ('The Midnight Duel', 9, '1234567890', 2);
INSERT INTO Chapter (Name, Number, ID, Copy_Number) VALUES ('Hallowe''en', 10, '1234567890', 2);
INSERT INTO Chapter (Name, Number, ID, Copy_Number) VALUES ('A Place for Demons', 1, '4563153215', 2);
INSERT INTO Chapter (Name, Number, ID, Copy_Number) VALUES ('A Beautiful Day', 2, '4563153215', 2);
INSERT INTO Chapter (Name, Number, ID, Copy_Number) VALUES ('Wood and Word', 3, '4563153215', 2);
INSERT INTO Chapter (Name, Number, ID, Copy_Number) VALUES ('Halfway to Newarre', 4, '4563153215', 2);
INSERT INTO Chapter (Name, Number, ID, Copy_Number) VALUES ('Notes', 5, '4563153215', 2);
INSERT INTO Chapter (Name, Number, ID, Copy_Number) VALUES ('The Price of Remembering', 6, '4563153215', 2);
INSERT INTO Chapter (Name, Number, ID, Copy_Number) VALUES ('Of Beginnings and the Names of Things', 7, '4563153215', 2);
INSERT INTO Chapter (Name, Number, ID, Copy_Number) VALUES ('Thieves, Heretics, and Whores', 8, '4563153215', 2);
INSERT INTO Chapter (Name, Number, ID, Copy_Number) VALUES ('Riding in the Wagon with Ben', 9, '4563153215', 2);
INSERT INTO Chapter (Name, Number, ID, Copy_Number) VALUES ('Alar and Several Stones', 10, '4563153215', 2);
INSERT INTO Chapter (Name, Number, ID, Copy_Number) VALUES ('The Boy Who Lived', 1, '1234567890', 3);
INSERT INTO Chapter (Name, Number, ID, Copy_Number) VALUES ('The Vanishing Glass', 2, '1234567890', 3);
INSERT INTO Chapter (Name, Number, ID, Copy_Number) VALUES ('The Letters From No One', 3, '1234567890', 3);
INSERT INTO Chapter (Name, Number, ID, Copy_Number) VALUES ('The Keeper of Keys', 4, '1234567890', 3);
INSERT INTO Chapter (Name, Number, ID, Copy_Number) VALUES ('Diagon Alley', 5, '1234567890', 3);
INSERT INTO Chapter (Name, Number, ID, Copy_Number) VALUES ('The Journey from Platform Nine and Three-Quarters', 6, '1234567890', 3);
INSERT INTO Chapter (Name, Number, ID, Copy_Number) VALUES ('The Sorting Hat', 7, '1234567890', 3);
INSERT INTO Chapter (Name, Number, ID, Copy_Number) VALUES ('The Potions Master', 8, '1234567890', 3);
INSERT INTO Chapter (Name, Number, ID, Copy_Number) VALUES ('The Midnight Duel', 9, '1234567890', 3);
INSERT INTO Chapter (Name, Number, ID, Copy_Number) VALUES ('Hallowe''en', 10, '1234567890', 3);

-- Table: Game_Studio
CREATE TABLE Game_Studio (Name VARCHAR(50) NOT NULL, PRIMARY KEY (Name));
INSERT INTO Game_Studio (Name) VALUES ('NineHertz');
INSERT INTO Game_Studio (Name) VALUES ('iTechArt');
INSERT INTO Game_Studio (Name) VALUES ('Zero Games Studio');
INSERT INTO Game_Studio (Name) VALUES ('Electronic Arts');
INSERT INTO Game_Studio (Name) VALUES ('Nintendo');
INSERT INTO Game_Studio (Name) VALUES ('Ubisoft');
INSERT INTO Game_Studio (Name) VALUES ('Sony Interactive Entertainment');
INSERT INTO Game_Studio (Name) VALUES ('Activision Blizzard');
INSERT INTO Game_Studio (Name) VALUES ('Epic Games');
INSERT INTO Game_Studio (Name) VALUES ('Gameloft');
INSERT INTO Game_Studio (Name) VALUES ('Square Enix');
INSERT INTO Game_Studio (Name) VALUES ('Bungie Inc');
INSERT INTO Game_Studio (Name) VALUES ('Bethesda');
INSERT INTO Game_Studio (Name) VALUES ('Obsidian Entertainment');
INSERT INTO Game_Studio (Name) VALUES ('Concerned Ape');
INSERT INTO Game_Studio (Name) VALUES ('Toby Fox');
INSERT INTO Game_Studio (Name) VALUES ('CD Projekt Red');
INSERT INTO Game_Studio (Name) VALUES ('FromSoftware');
INSERT INTO Game_Studio (Name) VALUES ('Valve');
INSERT INTO Game_Studio (Name) VALUES ('Rockstar Games');

-- Table: Media_Genres
CREATE TABLE Media_Genres (ID CHAR(10) NOT NULL, Copy_Number INT NOT NULL, Genres VARCHAR(20) NOT NULL, PRIMARY KEY (ID,Copy_Number, Genres), FOREIGN KEY (ID,Copy_Number) REFERENCES Media_Item(ID,Copy_Number));
INSERT INTO Media_Genres (ID, Copy_Number, Genres) VALUES ('1234567890', 1, 'Fantasy');
INSERT INTO Media_Genres (ID, Copy_Number, Genres) VALUES ('1234567890', 2, 'Fantasy');
INSERT INTO Media_Genres (ID, Copy_Number, Genres) VALUES ('1234567890', 3, 'Fantasy');
INSERT INTO Media_Genres (ID, Copy_Number, Genres) VALUES ('4563153215', 1, 'Fantasy');
INSERT INTO Media_Genres (ID, Copy_Number, Genres) VALUES ('4563153215', 2, 'Fantasy');
INSERT INTO Media_Genres (ID, Copy_Number, Genres) VALUES ('1544752156', 1, 'Fantasy');
INSERT INTO Media_Genres (ID, Copy_Number, Genres) VALUES ('1544752156', 1, 'Family');
INSERT INTO Media_Genres (ID, Copy_Number, Genres) VALUES ('5555555555', 1, 'Fantasy');
INSERT INTO Media_Genres (ID, Copy_Number, Genres) VALUES ('7678906543', 1, 'Sci-Fi');
INSERT INTO Media_Genres (ID, Copy_Number, Genres) VALUES ('7678906543', 2, 'Sci-Fi');
INSERT INTO Media_Genres (ID, Copy_Number, Genres) VALUES ('7678906543', 1, 'Action');
INSERT INTO Media_Genres (ID, Copy_Number, Genres) VALUES ('7678906543', 2, 'Action');
INSERT INTO Media_Genres (ID, Copy_Number, Genres) VALUES ('1358594289', 1, 'Sci-Fi');
INSERT INTO Media_Genres (ID, Copy_Number, Genres) VALUES ('1358594289', 2, 'Sci-Fi');
INSERT INTO Media_Genres (ID, Copy_Number, Genres) VALUES ('1358594289', 1, 'Action');
INSERT INTO Media_Genres (ID, Copy_Number, Genres) VALUES ('1358594289', 2, 'Action');
INSERT INTO Media_Genres (ID, Copy_Number, Genres) VALUES ('8752312283', 1, 'Sci-Fi');
INSERT INTO Media_Genres (ID, Copy_Number, Genres) VALUES ('8752312283', 1, 'Action');
INSERT INTO Media_Genres (ID, Copy_Number, Genres) VALUES ('6421358790', 1, 'Action');
INSERT INTO Media_Genres (ID, Copy_Number, Genres) VALUES ('6421358790', 1, 'Adventure');
INSERT INTO Media_Genres (ID, Copy_Number, Genres) VALUES ('6312832925', 1, 'Action');
INSERT INTO Media_Genres (ID, Copy_Number, Genres) VALUES ('6312832925', 1, 'Adventure');
INSERT INTO Media_Genres (ID, Copy_Number, Genres) VALUES ('6312832925', 1, 'Stealth');
INSERT INTO Media_Genres (ID, Copy_Number, Genres) VALUES ('6312832925', 2, 'Action');
INSERT INTO Media_Genres (ID, Copy_Number, Genres) VALUES ('6312832925', 2, 'Adventure');
INSERT INTO Media_Genres (ID, Copy_Number, Genres) VALUES ('6312832925', 2, 'Stealth');
INSERT INTO Media_Genres (ID, Copy_Number, Genres) VALUES ('7541236554', 1, 'Action');
INSERT INTO Media_Genres (ID, Copy_Number, Genres) VALUES ('7541236554', 1, 'Adventure');
INSERT INTO Media_Genres (ID, Copy_Number, Genres) VALUES ('7541236554', 1, 'Stealth');
INSERT INTO Media_Genres (ID, Copy_Number, Genres) VALUES ('2469762156', 1, 'Rock');
INSERT INTO Media_Genres (ID, Copy_Number, Genres) VALUES ('2469762156', 2, 'Rock');
INSERT INTO Media_Genres (ID, Copy_Number, Genres) VALUES ('1265472654', 1, 'Rock');

-- Table: Media_Item
CREATE TABLE Media_Item (ID CHAR(10) NOT NULL, Copy_Number INT NOT NULL, Name VARCHAR(50), Year INT, Length VARCHAR(12), Audiobook_Flag INT, Album_Flag INT, Publisher VARCHAR(15), Movie_Flag INT, Director VARCHAR(20), Game_Flag INT, Console VARCHAR(20), Rating VARCHAR(5), Status INT, Orders_Number INT, Due_Date DATE, Checkout_Date DATE, Email_Address VARCHAR(50), PRIMARY KEY (ID, Copy_Number), FOREIGN KEY (Orders_Number) REFERENCES Orders(Orders_Number), FOREIGN KEY (Email_Address) REFERENCES Patron(Email_Address));
INSERT INTO Media_Item (ID, Copy_Number, Name, Year, Length, Audiobook_Flag, Album_Flag, Publisher, Movie_Flag, Director, Game_Flag, Console, Rating, Status, Orders_Number, Due_Date, Checkout_Date, Email_Address) VALUES ('1234567890', 1, 'Harry Potter and the Sorcerer''s Stone', 1997, '4:29:30', 1, 0, 'Bloomsbury', 0, NULL, 0, NULL, NULL, 1, NULL, NULL, NULL, NULL);
INSERT INTO Media_Item (ID, Copy_Number, Name, Year, Length, Audiobook_Flag, Album_Flag, Publisher, Movie_Flag, Director, Game_Flag, Console, Rating, Status, Orders_Number, Due_Date, Checkout_Date, Email_Address) VALUES ('1234567890', 2, 'Harry Potter and the Sorcerer''s Stone', 1997, '4:29:30', 1, 0, 'Bloomsbury', 0, NULL, 0, NULL, NULL, 0, 2011, NULL, NULL, NULL);
INSERT INTO Media_Item (ID, Copy_Number, Name, Year, Length, Audiobook_Flag, Album_Flag, Publisher, Movie_Flag, Director, Game_Flag, Console, Rating, Status, Orders_Number, Due_Date, Checkout_Date, Email_Address) VALUES ('1234567890', 3, 'Harry Potter and the Sorcerer''s Stone', 1997, '4:29:30', 1, 0, 'Bloomsbury', 0, NULL, 0, NULL, NULL, 0, NULL, '2021-12-23', '2021-11-23', 'librarypatron@gmail.com');
INSERT INTO Media_Item (ID, Copy_Number, Name, Year, Length, Audiobook_Flag, Album_Flag, Publisher, Movie_Flag, Director, Game_Flag, Console, Rating, Status, Orders_Number, Due_Date, Checkout_Date, Email_Address) VALUES ('4563153215', 1, 'The Name of the Wind', 2007, '6:32:15', 1, 0, 'DAW Books', 0, NULL, 0, NULL, NULL, 1, NULL, NULL, NULL, NULL);
INSERT INTO Media_Item (ID, Copy_Number, Name, Year, Length, Audiobook_Flag, Album_Flag, Publisher, Movie_Flag, Director, Game_Flag, Console, Rating, Status, Orders_Number, Due_Date, Checkout_Date, Email_Address) VALUES ('4563153215', 2, 'The Name of the Wind', 2007, '6:32:15', 1, 0, 'DAW Books', 0, NULL, 0, NULL, NULL, 1, NULL, NULL, NULL, NULL);
INSERT INTO Media_Item (ID, Copy_Number, Name, Year, Length, Audiobook_Flag, Album_Flag, Publisher, Movie_Flag, Director, Game_Flag, Console, Rating, Status, Orders_Number, Due_Date, Checkout_Date, Email_Address) VALUES ('1544752156', 1, 'Harry Potter and the Sorcerer''s Stone', 2001, '2:32:00', 0, 0, NULL, 1, 'Chris Columbus', 0, NULL, NULL, 1, NULL, NULL, NULL, NULL);
INSERT INTO Media_Item (ID, Copy_Number, Name, Year, Length, Audiobook_Flag, Album_Flag, Publisher, Movie_Flag, Director, Game_Flag, Console, Rating, Status, Orders_Number, Due_Date, Checkout_Date, Email_Address) VALUES ('5555555555', 1, 'Harry Potter and the Order of the Phoenix', 2003, '12:57:46', 1, 0, 'Bloomsbury', 0, NULL, 0, NULL, NULL, 1, NULL, NULL, NULL, NULL);
INSERT INTO Media_Item (ID, Copy_Number, Name, Year, Length, Audiobook_Flag, Album_Flag, Publisher, Movie_Flag, Director, Game_Flag, Console, Rating, Status, Orders_Number, Due_Date, Checkout_Date, Email_Address) VALUES ('7678906543', 1, 'Star Wars IV: A New Hope', 1977, '2:01:00', 0, 0, NULL, 1, 'George Lucas', 0, NULL, NULL, 1, NULL, NULL, NULL, NULL);
INSERT INTO Media_Item (ID, Copy_Number, Name, Year, Length, Audiobook_Flag, Album_Flag, Publisher, Movie_Flag, Director, Game_Flag, Console, Rating, Status, Orders_Number, Due_Date, Checkout_Date, Email_Address) VALUES ('7678906543', 2, 'Star Wars IV: A New Hope', 1977, '2:01:00', 0, 0, NULL, 1, 'George Lucas', 0, NULL, NULL, 1, NULL, NULL, NULL, NULL);
INSERT INTO Media_Item (ID, Copy_Number, Name, Year, Length, Audiobook_Flag, Album_Flag, Publisher, Movie_Flag, Director, Game_Flag, Console, Rating, Status, Orders_Number, Due_Date, Checkout_Date, Email_Address) VALUES ('1358594289', 1, 'Star Wars V: The Empire Strikes Back', 1980, '2:04:00', 0, 0, NULL, 1, 'Irvin Kershner', 0, NULL, NULL, 1, NULL, NULL, NULL, NULL);
INSERT INTO Media_Item (ID, Copy_Number, Name, Year, Length, Audiobook_Flag, Album_Flag, Publisher, Movie_Flag, Director, Game_Flag, Console, Rating, Status, Orders_Number, Due_Date, Checkout_Date, Email_Address) VALUES ('1358594289', 2, 'Star Wars V: The Empire Strikes Back', 1980, '2:04:00', 0, 0, NULL, 1, 'Irvin Kershner', 0, NULL, NULL, 1, NULL, NULL, NULL, NULL);
INSERT INTO Media_Item (ID, Copy_Number, Name, Year, Length, Audiobook_Flag, Album_Flag, Publisher, Movie_Flag, Director, Game_Flag, Console, Rating, Status, Orders_Number, Due_Date, Checkout_Date, Email_Address) VALUES ('1358594284', 3, 'Star Wars III: Revenge of the Sith', 1980, '2:04:00', 0, 0, NULL, 1, 'IGeorge Lucas', 0, NULL, NULL, 1, NULL, NULL, NULL, NULL);
INSERT INTO Media_Item (ID, Copy_Number, Name, Year, Length, Audiobook_Flag, Album_Flag, Publisher, Movie_Flag, Director, Game_Flag, Console, Rating, Status, Orders_Number, Due_Date, Checkout_Date, Email_Address) VALUES ('8752312283', 1, 'Star Wars VI: Return of the Jedi', 1983, '2:11:00', 0, 0, NULL, 1, 'Richard Marquand', 0, NULL, NULL, 1, NULL, NULL, NULL, NULL);
INSERT INTO Media_Item (ID, Copy_Number, Name, Year, Length, Audiobook_Flag, Album_Flag, Publisher, Movie_Flag, Director, Game_Flag, Console, Rating, Status, Orders_Number, Due_Date, Checkout_Date, Email_Address) VALUES ('6421358790', 1, 'The Legend of Zelda: Breath of the Wild', 2017, '40:00:00', 0, 0, NULL, 0, NULL, 1, 'Nintendo Switch', 'E10+', 0, NULL, '2020-08-23', '2020-07-23', 'patron2@yahoo.com');
INSERT INTO Media_Item (ID, Copy_Number, Name, Year, Length, Audiobook_Flag, Album_Flag, Publisher, Movie_Flag, Director, Game_Flag, Console, Rating, Status, Orders_Number, Due_Date, Checkout_Date, Email_Address) VALUES ('6312832925', 1, 'Assassin''s Creed IV: Black Flag', 2013, '30:00:00', 0, 0, NULL, 0, NULL, 1, 'Playstation 4', 'M', 1, NULL, NULL, NULL, NULL);
INSERT INTO Media_Item (ID, Copy_Number, Name, Year, Length, Audiobook_Flag, Album_Flag, Publisher, Movie_Flag, Director, Game_Flag, Console, Rating, Status, Orders_Number, Due_Date, Checkout_Date, Email_Address) VALUES ('6312832925', 2, 'Assassin''s Creed IV: Black Flag', 2013, '30:00:00', 0, 0, NULL, 0, NULL, 1, 'Playstation 4', 'M', 0, 4021, NULL, NULL, NULL);
INSERT INTO Media_Item (ID, Copy_Number, Name, Year, Length, Audiobook_Flag, Album_Flag, Publisher, Movie_Flag, Director, Game_Flag, Console, Rating, Status, Orders_Number, Due_Date, Checkout_Date, Email_Address) VALUES ('7541236554', 1, 'Assassin''s Creed III', 2012, '33:15:00', 0, 0, NULL, 0, NULL, 1, 'Xbox One', 'M', 1, NULL, NULL, NULL, NULL);
INSERT INTO Media_Item (ID, Copy_Number, Name, Year, Length, Audiobook_Flag, Album_Flag, Publisher, Movie_Flag, Director, Game_Flag, Console, Rating, Status, Orders_Number, Due_Date, Checkout_Date, Email_Address) VALUES ('2469762156', 1, 'A Rush of Blood to the Head', 2002, '54:08', 0, 1, 'Parlophone', 0, NULL, 0, NULL, NULL, 1, NULL, NULL, NULL, NULL);
INSERT INTO Media_Item (ID, Copy_Number, Name, Year, Length, Audiobook_Flag, Album_Flag, Publisher, Movie_Flag, Director, Game_Flag, Console, Rating, Status, Orders_Number, Due_Date, Checkout_Date, Email_Address) VALUES ('2469762156', 2, 'A Rush of Blood to the Head', 2002, '54:08', 0, 1, 'Parlophone', 0, NULL, 0, NULL, NULL, 1, NULL, NULL, NULL, NULL);
INSERT INTO Media_Item (ID, Copy_Number, Name, Year, Length, Audiobook_Flag, Album_Flag, Publisher, Movie_Flag, Director, Game_Flag, Console, Rating, Status, Orders_Number, Due_Date, Checkout_Date, Email_Address) VALUES ('1265472654', 1, 'Greatest Hits', 1985, '1:53:45', 0, 1, 'Columbia', 0, NULL, 0, NULL, NULL, 1, NULL, NULL, NULL, NULL);

-- Table: Orders
CREATE TABLE Orders (Orders_Number INT NOT NULL, Price VARCHAR(10), Quantity INT, Arrival_Date DATE, City VARCHAR(20) NOT NULL, State VARCHAR(20) NOT NULL, PRIMARY KEY (Orders_Number), FOREIGN KEY (City, State) REFERENCES Branch(City,State));
INSERT INTO Orders (Orders_Number, Price, Quantity, Arrival_Date, City, State) VALUES (2011, '$15', 1, 2017, 'Columbus', 'Ohio');
INSERT INTO Orders (Orders_Number, Price, Quantity, Arrival_Date, City, State) VALUES (4021, '$20', 1, 1983, 'Cleveland', 'Ohio');
INSERT INTO Orders (Orders_Number, Price, Quantity, Arrival_Date, City, State) VALUES (320, '$50', 2, 1985, 'Cleveland', 'Ohio');
INSERT INTO Orders (Orders_Number, Price, Quantity, Arrival_Date, City, State) VALUES (1222, '$120', 4, 1982, 'Phoenix', 'Arizona');
INSERT INTO Orders (Orders_Number, Price, Quantity, Arrival_Date, City, State) VALUES (2100, '$10', 1, 2019, 'Madison', 'Wisconsin');
INSERT INTO Orders (Orders_Number, Price, Quantity, Arrival_Date, City, State) VALUES (3309, '$34', 2, 1994, 'Las Vegas', 'Nevada');
INSERT INTO Orders (Orders_Number, Price, Quantity, Arrival_Date, City, State) VALUES (6702, '$15', 2, 2016, 'Cleveland', 'Ohio');
INSERT INTO Orders (Orders_Number, Price, Quantity, Arrival_Date, City, State) VALUES (4576, '$200', 1, 1980, 'Memphis', 'Tennessee');
INSERT INTO Orders (Orders_Number, Price, Quantity, Arrival_Date, City, State) VALUES (3201, '$500', 2, 1983, 'Chicago', 'Illinois');
INSERT INTO Orders (Orders_Number, Price, Quantity, Arrival_Date, City, State) VALUES (23, '$20', 1, 1991, 'Columbus', 'Ohio');
INSERT INTO Orders (Orders_Number, Price, Quantity, Arrival_Date, City, State) VALUES (4750, '$29', 2, 2002, 'Lexington', 'Kentucky');
INSERT INTO Orders (Orders_Number, Price, Quantity, Arrival_Date, City, State) VALUES (3020, '$60', 1, 2006, 'Boston', 'Massachusetts');
INSERT INTO Orders (Orders_Number, Price, Quantity, Arrival_Date, City, State) VALUES (1000, '$74', 3, 2016, 'Dublin', 'Ohio');
INSERT INTO Orders (Orders_Number, Price, Quantity, Arrival_Date, City, State) VALUES (3403, '$5', 1, 1981, 'Tuscon', 'Arizona');
INSERT INTO Orders (Orders_Number, Price, Quantity, Arrival_Date, City, State) VALUES (6805, '$20', 1, 1983, 'Cleveland', 'Ohio');
INSERT INTO Orders (Orders_Number, Price, Quantity, Arrival_Date, City, State) VALUES (3876, '$11', 1, 2001, 'New York', 'New York');
INSERT INTO Orders (Orders_Number, Price, Quantity, Arrival_Date, City, State) VALUES (6785, '$30', 2, 2004, 'Buffalo', 'New York');
INSERT INTO Orders (Orders_Number, Price, Quantity, Arrival_Date, City, State) VALUES (1, '$42', 3, 1992, 'Iowa City', 'Iowa');
INSERT INTO Orders (Orders_Number, Price, Quantity, Arrival_Date, City, State) VALUES (390, '$100', 10, 2006, 'Toledo', 'Ohio');
INSERT INTO Orders (Orders_Number, Price, Quantity, Arrival_Date, City, State) VALUES (5647, '$20', 2, 1992, 'Toledo', 'Ohio');

-- Table: Patron
CREATE TABLE Patron (Email_Address VARCHAR(50) NOT NULL, First_Name VARCHAR(20) NOT NULL, Last_Name VARCHAR(20) NOT NULL, Address VARCHAR(50), City VARCHAR(20) NOT NULL, State VARCHAR(20) NOT NULL, PRIMARY KEY (Email_Address),  FOREIGN KEY (City, State) REFERENCES Branch(City,State));
INSERT INTO Patron (Email_Address, First_Name, Last_Name, Address, City, State) VALUES ('librarypatron@gmail.com', 'Jacob', 'Woodhouse', '55 W Lane Avenue, Columbus, OH 43210', 'Columbus', 'Ohio');
INSERT INTO Patron (Email_Address, First_Name, Last_Name, Address, City, State) VALUES ('patron2@yahoo.com', 'Lily', 'Driscoll', '123 Fake Street, Columbus, OH 43201', 'Columbus', 'Ohio');
INSERT INTO Patron (Email_Address, First_Name, Last_Name, Address, City, State) VALUES ('myemail@gmail.com', 'Isaac', 'Mattern', '2972 N High Street, Columbus, OH 43210', 'Columbus', 'Ohio');
INSERT INTO Patron (Email_Address, First_Name, Last_Name, Address, City, State) VALUES ('anotheremail@hotmail.com', 'Tyler', 'Cingel', '1234 Default Lane, Columbus, OH 43201', 'Columbus', 'Ohio');
INSERT INTO Patron (Email_Address, First_Name, Last_Name, Address, City, State) VALUES ('dogs4lyfe@buckeyemail.osu.edu', 'Brian', 'Burns', '334 Marigold Way, Mayfield, OH 44040', 'Cleveland', 'Ohio');
INSERT INTO Patron (Email_Address, First_Name, Last_Name, Address, City, State) VALUES ('cats4lyfe@buckeyemail.osu.edu', 'Brenda', 'Burns', '334 Marigold Way, Mayfield, OH 44040', 'Cleveland', 'Ohio');
INSERT INTO Patron (Email_Address, First_Name, Last_Name, Address, City, State) VALUES ('fisherman@gmail.com', 'Larry', 'Gherman', '22 Lake Boulevard, Nashville, TN 22310', 'Nashville', 'Tennessee');
INSERT INTO Patron (Email_Address, First_Name, Last_Name, Address, City, State) VALUES ('email6@yahoo.com', 'John', 'Doe', '404 Missing Lane, Las Vegas, NV 44720', 'Las Vegas', 'Nevada');
INSERT INTO Patron (Email_Address, First_Name, Last_Name, Address, City, State) VALUES ('email6@gmail.com', 'Joe', 'Schmo', '3210 Average Avenue, Madison, WI 33280', 'Madison', 'Wisconsin');
INSERT INTO Patron (Email_Address, First_Name, Last_Name, Address, City, State) VALUES ('differentperson@gmail.com', 'John', 'Doe', '404 Missing Lane, Las Vegas, NV 44720', 'Las Vegas', 'Nevada');
INSERT INTO Patron (Email_Address, First_Name, Last_Name, Address, City, State) VALUES ('adult@yahoo.com', 'John', 'Doe', '1 Original Way, Toledo, OH 23471', 'Toledo', 'Ohio');
INSERT INTO Patron (Email_Address, First_Name, Last_Name, Address, City, State) VALUES ('child@yahoo.com', 'Hunter', 'Smith', '2 Original Way, Iowa City, IA 44379', 'Iowa City', 'Iowa');
INSERT INTO Patron (Email_Address, First_Name, Last_Name, Address, City, State) VALUES ('creativity@gmail.com', 'Bob', 'Jones', '72 Sherman Street, Rockford, IL 33278', 'Chicago', 'Illinois');
INSERT INTO Patron (Email_Address, First_Name, Last_Name, Address, City, State) VALUES ('ideas@hotmail.com', 'Jane', 'Thorp', '4490 Naming Avenue, Phoenix, AZ 88470', 'Phoenix', 'Arizona');
INSERT INTO Patron (Email_Address, First_Name, Last_Name, Address, City, State) VALUES ('emailmehere@gmail.com', 'Wanda', 'Redmane', '4827 Main Street, New York, NY 12345', 'New York', 'New York');
INSERT INTO Patron (Email_Address, First_Name, Last_Name, Address, City, State) VALUES ('address@gmail.com', 'Tony', 'Stark', '101 Tony Street, Malibu CA 46379', 'Los Angeles', 'California');
INSERT INTO Patron (Email_Address, First_Name, Last_Name, Address, City, State) VALUES ('gamma@yahoo.com', 'Bruce', 'Banner', '2319 Missing Way, Tuscon, AZ 46738', 'Tuscon', 'Arizona');
INSERT INTO Patron (Email_Address, First_Name, Last_Name, Address, City, State) VALUES ('secrets@gmail.com', 'Natasha', 'Romanoff', '1234 Back Road, Cincinnati, OH 38209', 'Cincinnati', 'Ohio');
INSERT INTO Patron (Email_Address, First_Name, Last_Name, Address, City, State) VALUES ('family@yahoo.com', 'Clint', 'Barton', '36 Country Lane, Memphis, TN 21789', 'Memphis', 'Tennessee');
INSERT INTO Patron (Email_Address, First_Name, Last_Name, Address, City, State) VALUES ('bestasgardian@gmail.com', 'Thor', 'Odinson', '1234 Earth Road, Buffalo, NY 36271', 'Buffalo', 'New York');

-- Table: Studio_Creates
CREATE TABLE Studio_Creates (Name VARCHAR(50) NOT NULL, ID CHAR(10) NOT NULL, Copy_Number INT NOT NULL, PRIMARY KEY (Name, ID, Copy_Number), FOREIGN KEY (Name) REFERENCES Game_Studio(Name), FOREIGN KEY (ID, Copy_Number) REFERENCES Media_Item(ID, Copy_Number));
INSERT INTO Studio_Creates (Name, ID, Copy_Number) VALUES ('Nintendo', '6421358790', 1);
INSERT INTO Studio_Creates (Name, ID, Copy_Number) VALUES ('Ubisoft', '7541236554', 1);
INSERT INTO Studio_Creates (Name, ID, Copy_Number) VALUES ('Ubisoft', '6312832925', 1);
INSERT INTO Studio_Creates (Name, ID, Copy_Number) VALUES ('Ubisoft', '6312832925', 2);

-- Table: Track
CREATE TABLE Track (Name VARCHAR(50) NOT NULL, Genre VARCHAR(20), ArtistName VARCHAR(50) NOT NULL, PRIMARY KEY (Name, ArtistName), FOREIGN KEY (ArtistName) REFERENCES Artist(Name));
INSERT INTO Track (Name, Genre, ArtistName) VALUES ('Politik', 'Rock', 'Coldplay');
INSERT INTO Track (Name, Genre, ArtistName) VALUES ('In My Place', 'Rock', 'Coldplay');
INSERT INTO Track (Name, Genre, ArtistName) VALUES ('God Put a Smile upon your Face', 'Rock', 'Coldplay');
INSERT INTO Track (Name, Genre, ArtistName) VALUES ('The Scientist', 'Rock', 'Coldplay');
INSERT INTO Track (Name, Genre, ArtistName) VALUES ('Clocks', 'Rock', 'Coldplay');
INSERT INTO Track (Name, Genre, ArtistName) VALUES ('Daylight', 'Rock', 'Coldplay');
INSERT INTO Track (Name, Genre, ArtistName) VALUES ('Green Eyes', 'Rock', 'Coldplay');
INSERT INTO Track (Name, Genre, ArtistName) VALUES ('Warning Sign', 'Rock', 'Coldplay');
INSERT INTO Track (Name, Genre, ArtistName) VALUES ('A Whisper', 'Rock', 'Coldplay');
INSERT INTO Track (Name, Genre, ArtistName) VALUES ('A Rush of Blood to the Head', 'Rock', 'Coldplay');
INSERT INTO Track (Name, Genre, ArtistName) VALUES ('Piano Man', 'Rock', 'Billy Joel');
INSERT INTO Track (Name, Genre, ArtistName) VALUES ('Captain Jack', 'Rock', 'Billy Joel');
INSERT INTO Track (Name, Genre, ArtistName) VALUES ('The Entertainer', 'Rock', 'Billy Joel');
INSERT INTO Track (Name, Genre, ArtistName) VALUES ('Say Goodbye to Hollywood', 'Rock', 'Billy Joel');
INSERT INTO Track (Name, Genre, ArtistName) VALUES ('New York State of Mind', 'Rock', 'Billy Joel');
INSERT INTO Track (Name, Genre, ArtistName) VALUES ('The Stranger', 'Rock', 'Billy Joel');
INSERT INTO Track (Name, Genre, ArtistName) VALUES ('Scenes from an Italian Restaurant', 'Rock', 'Billy Joel');
INSERT INTO Track (Name, Genre, ArtistName) VALUES ('Just the Way You Are', 'Rock', 'Billy Joel');
INSERT INTO Track (Name, Genre, ArtistName) VALUES ('Movin'' Out (Anthony''s Song)', 'Rock', 'Billy Joel');
INSERT INTO Track (Name, Genre, ArtistName) VALUES ('Only the Good Die Young', 'Rock', 'Billy Joel');

COMMIT TRANSACTION;
PRAGMA foreign_keys = on;
